{
  "RAPIDS": 230.35000000000002,
  "CREST_xTB": 1549.6,
  "PBE-D3BJ_SP": 239.5,
  "PBE-D3BJ_GeoSP": 479.45000000000005,
  "CREST_xTB_DFT": 2041.3000000000002
}